{"nombre_img": "Pie2-4", "x": 207, "y": 268, "roi_type": "rect", "height": 50, "width": 50, "desv_est": 9.211210820009912, "mean": 20.31908991732037}