{"nombre_img": "Noise-2", "x": 100, "y": 100, "roi_type": "rect", "height": 193, "width": 180, "desv_est": 18.1546948845343, "mean": 23.467789291882557}