{"nombre_img": "Noise-2", "x": -39, "y": 26, "roi_type": "line", "length": 387, "desv_est": 11.236040101154472, "mean": 24.450705268748877}