{"nombre_img": "Pie2-3", "x": 91, "y": 270, "roi_type": "rect", "height": 50, "width": 50, "desv_est": 2.5357018494899726, "mean": 4.262432712948417}