{"nombre_img": "Pie2-3", "x": -57, "y": -62, "roi_type": "line", "length": 308, "desv_est": 2.536992936569339, "mean": 4.5675905261512675}