{"nombre_img": "Noise-4", "x": 34, "y": -168, "roi_type": "line", "length": 366, "desv_est": 31.8730047332364, "mean": 60.08259535094309}