{"nombre_img": "Noise-4", "x": 100, "y": 100, "roi_type": "rect", "height": 232, "width": 210, "desv_est": 47.661483890770846, "mean": 63.33819786535304}