{"nombre_img": "Pie2-1", "x": 211, "y": 261, "roi_type": "rect", "height": 50, "width": 50, "desv_est": 0.5749455824730431, "mean": 1.1223021760230933}