{"nombre_img": "Noise-1", "x": -39, "y": 26, "roi_type": "line", "length": 424, "desv_est": 7.9986517336305765, "mean": 15.801156203638035}