{"nombre_img": "Noise-1", "x": 100, "y": 100, "roi_type": "rect", "height": 317, "width": 306, "desv_est": 12.135039739146341, "mean": 15.622708810127627}