{"nombre_img": "Noise", "x": 0, "y": 0, "roi_type": "line", "length": 335, "desv_est": 12.370804706253384, "mean": 19.774604335736427}