{"nombre_img": "Noise", "x": 100, "y": 100, "roi_type": "rect", "height": 317, "width": 306, "desv_est": 15.162231377190754, "mean": 19.604162800766993}