{"nombre_img": "100.0_100.0_253x263", "altura": 253, "width": 263, "varianza": 148.0590359989778, "mean": 15.669892844797788}