{"nombre_img": "100.0_100.0_373x128", "altura": 373, "width": 128, "varianza": 148.84197198043205, "mean": 15.653631869973191}