{"nombre_img": "100.0_100.0_246x53", "altura": 246, "width": 53, "varianza": 149.22744299346024, "mean": 15.646571560055223}