{"nombre_img": "100.0_100.0_275x186", "altura": 275, "width": 186, "varianza": 148.30317453639603, "mean": 15.642873900293255}