{"nombre_img": "100.0_100.0_182x215", "altura": 182, "width": 215, "varianza": 147.9307800369773, "mean": 15.653922821364683}