{"nombre_img": "carlos", "altura": 512, "width": 512, "varianza": 147.22222248627804, "mean": 15.608810424804688}