{"nombre_img": "Noise-3", "x": 145, "y": 106, "roi_type": "rect", "height": 193, "width": 180, "desv_est": 19.71741327622657, "mean": 39.5337562046091}