{"nombre_img": "Noise-3", "x": 0, "y": 0, "roi_type": "line", "length": 366, "desv_est": 20.34101662746825, "mean": 37.50794249692016}