{"nombre_img": "Pie2-5", "x": 221, "y": 267, "roi_type": "rect", "height": 50, "width": 50, "desv_est": 3.4388533300902937, "mean": 8.06167356134871}